"Id","External_Id__c","Name","Installation__c","Sequence__c","Is_Done__c","Is_Template__c","Label__c","Installation__r.Name"
"a03cf00000jijZ2AAI","HANDOVER-TPL-10","HANDOVER-TPL-10","#N/A","60","false","true","Inverter commissioned","#N/A"
"a03cf00000jimFPAAY","HANDOVER-TPL-03","HANDOVER-TPL-03","#N/A","30","false","true","Isolator labelled","#N/A"
"a03cf00000jisytAAA","HANDOVER-TPL-09","HANDOVER-TPL-09","#N/A","70","false","true","Isolator labelled","#N/A"
"a03cf00000jitgvAAA","HANDOVER-TPL-08","HANDOVER-TPL-08","#N/A","50","false","true","Panels fixed and torqued","#N/A"
"a03cf00000jiu74AAA","HANDOVER-TPL-07","HANDOVER-TPL-07","#N/A","30","false","true","Isolator labelled","#N/A"
"a03cf00000jiwRRAAY","HANDOVER-TPL-02","HANDOVER-TPL-02","#N/A","20","false","true","Inverter commissioned","#N/A"
"a03cf00000jiwT2AAI","HANDOVER-TPL-01","HANDOVER-TPL-01","#N/A","10","false","true","Panels fixed and torqued","#N/A"
"a03cf00000jixk1AAA","HANDOVER-TPL-04","HANDOVER-TPL-04","#N/A","40","false","true","Panels fixed and torqued","#N/A"
"a03cf00000jixwvAAA","HANDOVER-TPL-05","HANDOVER-TPL-05","#N/A","20","false","true","Inverter commissioned","#N/A"
"a03cf00000jiy9pAAA","HANDOVER-TPL-06","HANDOVER-TPL-06","#N/A","10","false","true","Isolator labelled","#N/A"
