"Id","Name"
"a00cf00000PXKmLAAX","INST-00000"
"a00cf00000PXKmMAAX","INST-00001"
"a00cf00000PXKmNAAX","INST-00002"
"a00cf00000PXKmOAAX","INST-00003"
"a00cf00000PXKmPAAX","INST-00004"
"a00cf00000PXKmQAAX","INST-00005"
"a00cf00000PXKmRAAX","INST-00006"
"a00cf00000PXKmSAAX","INST-00007"
"a00cf00000PXKmTAAX","INST-00008"
"a00cf00000PXKmUAAX","INST-00009"
"a00cf00000PXKmVAAX","INST-00010"
"a00cf00000PXKmWAAX","INST-00011"
"a00cf00000PXKmXAAX","INST-00012"
"a00cf00000PXKmYAAX","INST-00013"
"a00cf00000PXKmZAAX","INST-00014"
"a00cf00000PXKmaAAH","INST-00015"
"a00cf00000PXKmbAAH","INST-00016"
"a00cf00000PXKmcAAH","INST-00017"
"a00cf00000PXKmdAAH","INST-00018"
"a00cf00000PXKmeAAH","INST-00019"
"a00cf00000PXKmfAAH","INST-00020"
"a00cf00000PXKmgAAH","INST-00021"
"a00cf00000PXKmhAAH","INST-00022"
"a00cf00000PXKmiAAH","INST-00023"
"a00cf00000PXKmjAAH","INST-00024"
"a00cf00000PXKmkAAH","INST-00025"
"a00cf00000PXKmlAAH","INST-00026"
"a00cf00000PXKmmAAH","INST-00027"
"a00cf00000PXKmnAAH","INST-00028"
"a00cf00000PXKmoAAH","INST-00029"
