"Id","External_Id__c","Crew_Type__c","Roof_Type__c","Panels_Per_Day__c"
"a02cf00000UvamTAAR","CAP-ROOF-TILE","Roof","Tile","18"
"a02cf00000UvamUAAR","CAP-ROOF-SLATE","Roof","Slate","14"
"a02cf00000UvamVAAR","CAP-ROOF-FLAT","Roof","Flat","26"
"a02cf00000UvamWAAR","CAP-ROOF-METAL","Roof","Metal","22"
"a02cf00000UvamXAAR","CAP-GROUND-TILE","Ground","Tile","14"
"a02cf00000UvamYAAR","CAP-GROUND-SLATE","Ground","Slate","10"
"a02cf00000UvamZAAR","CAP-GROUND-FLAT","Ground","Flat","22"
"a02cf00000UvamaAAB","CAP-GROUND-METAL","Ground","Metal","18"
"a02cf00000UvambAAB","CAP-ELECTRICAL-TILE","Electrical","Tile","14"
"a02cf00000UvamcAAB","CAP-ELECTRICAL-SLATE","Electrical","Slate","10"
"a02cf00000UvamdAAB","CAP-ELECTRICAL-FLAT","Electrical","Flat","22"
"a02cf00000UvameAAB","CAP-ELECTRICAL-METAL","Electrical","Metal","18"
